ID,Name,ScreenName,MembersCount,Type
221953519,SIGIL,sglspb,1584,page
37800612,Sicarios,sicarios71,1011,page
41268624,Верни мне мой 2007-ой,wetakeitback,131065,page
123349687,Invertor,invertorband,13931,page
31545235,VISUAL COCAINE,liveformens,982518,page
41004029,Ищу модель Москва + ТФП,moscowtfp,204613,page
131855020,noa,90bpmnoa,19967,page
220802107,NЁH,nehband,321,page
218976883,Low Teens,lowteens,1347,page
35862441,DARK BEAUTY,darkbeauty,163145,page
101473197,как выглядят люди,true_humans,649747,page
201352190,Ross in Cromarty,ross_in_cromarty,5610,page
72441479,Ню 18+,publicnu,52664,page
39728801,90-60-90 | Спортивные девушки,9o_6o_9o,3394023,page
139938395,Балетные гастроли,ballettours,8125,page
216333924,ANTI-PARTY!,antiparty26,4937,page
45139932,Фото | Фотографы | Модели (ФФМ),foto_and_models,224993,page
25013087,Никита,pevecnikita,16624,page
42440633,Fitness / Sport,fitness_sport1,1085085,page
35748704,Девушкам вход запрещен,nogirl,1809070,page
23133162,Vladimir Ptashnick | Владимир Пташник,vladimir_ptashnick,1150,page
122481951,Electric Indians,electricindians,2095,page
61940955,Фото TFP тфп МОДЕЛЬ ФОТОГРАФ (Москва и МО),tfp_mo,26287,page
148376372,Spectrum,spectrumpictures,140293,page
10709,❦ Эмо знакомства ❦,emoznakomstva,36853,page
4093705,SEX DOM,znakomstva.content,810821,page
7654998,КРАСОТА ФИТНЕС фитоняшки красивые девушки,krasota.fitnes,112507,page
10543774,ALTERNATIVE MUSIC,altermusic,137392,page
11799797,WILDWAYS,wildways,126852,page
11843604,Цветы Москва Доставка Цветов в Москве Она Хочет,onahochet_moscow,57625,group
15738223,Men's Magazine | Motivation | Вилки,ledesirerotique,186954,page
18274081,EVO,evoband,25304,page
22477631,Угарная Качалка,ygarnaya_kachalka,360297,page
23639186,РУССКАЯ МУЗЫКА,ru.muzon,1394017,page
23887502,Бесплатные фотосессии. ТФП TFP Москва,time_for_print,47308,page
24463790,Asking Alexandria,askinga,0,page
24527053,SWAG GIRLS,swaggirls,244130,page
25397178,Мужские мысли,strog_pocan,1643843,page
26020797,Young Folks,youngfolks,93996,page
26456494,D4,your_future,1135346,page
26599838,LIFESTYLE'R,jjstill,382060,page
26614831,Спортивная,my_sportt,2258482,page
27895931,НОВАЯ МУЗЫКА — Популярные Песни,exclusive_muzic,15535781,page
28043004,MEMES,sexis18,528570,page
28187987,Видное Радио,vidnoe.radio,40267,page
28417076,Фотостудия Wonderland,wonderstudio,7604,page
28693127,ГОРЯЧО,hothot92,226020,page
28866484,НАШЕ,nashe,784500,page
29585704,MEGA SPORT,1mega.sport,28958,page
29719573,Men's Concept - Мужской журнал,bad__boy_vk,745057,page
30767446,Мужской юмор:)Девушкам вход воспрещен!,pucantre,531357,page
31192175,Big daddy,new_music21,132855,page
31911042,DIE ANTWOORD,die_fokken_antwoord,168693,page
32129904,че по фигуре?,che_po_figure,77632,page
32194500,21 ВЕК ♔,mens_gq,2393864,page
33390409,SFAP | Спортивные девушки,sfapteam,483350,page
34298922,Модели и фотографы,models_live,170280,page
34334882,playlist,supermusic_1,18304,page
35001375,MAVRIN models,mavrin_models,204874,page
36247389,КРАСИВЫЕ ДЕВУШКИ,devushki_krasivye,102699,page
36541026,Фитоняшки,fitabs,260352,page
36560815,Красивые попки (фото 18+),butt18,91655,page
36574808,Перфоратор - Мужской журнал,mens_journal17,186620,page
37140953,Красивые девушки,topegirls,907789,page
37862023,FACES!,faces,638093,page
37911483,Мужской Журнал,mujray,158346,page
38290762,Мужской рай,fupoff,3471911,page
38736502,STRIPED BOX | Обувь для кукол. Мастер-классы,stripedbox,16249,page
38964896,SPARTA  GYM,spartagym2023,78892,page
39075890,Фотограф в Майами,ru_photomodel,19488,page
40253962,Booking Machine Agency,bookingmachine,152155,page
41093434,Спортивный журнал | Bodybuilding  | UFC | БОКС,sport.journal,260966,page
42216800,Интересный Воронеж,interesnyi_voronezh,326916,page
42416529,МАRS5,marspower5,100771,page
43462544,The Prodigy,theprodigy,729543,page
43605395,Эротика,club43605395,59220,page
45118420,Святоша,s_sviatoshaaa,387824,page
45595714,Академия Порядочных Парней,men,4415029,page
45628765,КАНТРИ,countrylifestyle,84400,page
46179420,Спортхакер,zdorow,937776,page
46320614,GC - мужской журнал,gents_club,145645,page
47485109,The Air of Hiroshima,theairofhiroshima,4484,page
47574217,Brazilian Girls,braziliangirls,131761,page
47781826,Мужской Журнал [GM],sexgirlsmusic,14249,page
47949197,Аниме,anime__world,1600910,page
48149699,Куклы Integrity toys club - Fashionroyalty.ru,fashion_royalty,21969,page
49866640,Men's File ⚡GIF 18+,mensfile,354284,page
50051746,Радио 1,radio1_ru,10553,page
50630084,Визуально идеально,yabvdul,262092,page
50912951,LUXURY • nice girls,anicegirls,18190,page
51308937,Фитоняшки,fitlook,13109,page
51713168,B A N D I T O ♔,bandito111,275769,page
52567174,Men's Club | Sex Gif,mens_vip_club,67694,page
53040340,Кастинги в Москве,castingsmsc,53659,page
53423342,Спортивная Россия,sg7russia,65379,page
53503880,Никогда не сдавайся!,never_g1ve_up,220958,page
53566569,СЕКСУАЛЬНЫЕ КРАСОТКИ  [18+],sexybeauties,65141,page
54231245,РИЛАЙ,reallie,1971,page
54751288,Николай Антипов | Обучение фотографии,antipov.photo,3818,page
55072656,LITTLE BIG,littlebigband,574435,page
55660550,POLGUAR,polguar,100785,page
56415162,Царство Русского Рока,rus_rock_kingdom,57650,page
56730011,Автолюбители поймут,brat_1991,363439,page
57846937,MDK,mudakoff,12019600,page
58020252,Blogger see,overseee,212851,page
58295426,Злой Rock,rockzloy,2403,page
59684246,Академия Неприличных Парней,badacadem,393578,page
60556804,Эхо,blocked_channel123,0,group
61971522,BODY MANIA,body_mania,210583,page
63271125,"Аутфиты, кукольная миниатюра 1:6",club63271125,1583,page
65378323,Templum Anima Morti,templumanimamorti,1187,page
66542632,Мужики Оценят!,menslikes,70121,page
67850954,Gallery of esthetics,galleryaesthetics,176785,page
69171694,Radio Mediametrics,radiomediametrics,7819,page
71098933,РЕМОНТ ЧАСОВ | Mr. Clock |,mr_clock_ok,17327,group
71595791,Photo Hunter,hunterphotos,263494,page
73104427,Beautiful Body 18+,beautifulbody18,16042,page
75145700,World of Fitness,club75145700,269163,page
75767872,"Любись, не перевернись | Гифки",porno18clubb,43173,page
75820638,Красивые девушки.,club75820638,107246,page
76794821,SEXY RUSSIA,russian__girls,284046,page
77140183,Ищу модель Москва,ishymodel_moskva,125737,page
77952364,Она | эротика со вкусом,erotika_so_vkusom,42500,page
79238546,"МУРКИ | эротика, НЮ.арт",murki1968,77984,page
84949878,GIRLS,girlscome,91771,page
85251453,Мужской Характер,mens____life,1116148,page
86593994,4Man -  Мужской Журнал,4mann,1058771,page
92341223,Журнал «Артист»,artistmagazine,27674,page
92593714,Новая Школа,neewschool,1802426,page
96366633,Валентин Алекс,valentinalex.singer,2932,page
97373003,Герника,guernica,257724,page
98126978,Раздетые,allnaked,138059,page
98771107,DG Photo,dg_ph,1285,page
103675230,beautiful,moneyamulet2,39995,page
107175223,Manly Man | Мужской журнал,manly_man,70774,page
109399155,T.WILD,twild,9061,page
110847632,Fitness girls gallery | Фитнес девушки,fitness_girls_gallery,72263,page
112115450,Жопы твоих подруг,pub_auff,77073,page
112773578,Мужская территория,mens_territory_1,185659,page
114649996,Ляма,lyama.music,7702,page
116921325,CREED | Мужской Журнал,creedclub,97877,page
118162817,SKINNYGIRLS 18+,topskinnygirls,5165,page
118840613,Однажды в зале,club118840613,841756,page
119026442,Курортный Подслушано СПБ,sushaspb,75912,page
121215617,ООАК от Светланы Матвеевой - Velvet,ooaksm,5817,page
121436496,bllo Fit,bllofit,551275,page
121550515,PAPOROTNIK,paporotnik26,46312,page
122587651,"Брат, я рядом",club122587651,442525,page
127153257,"XXL-pump(спорт,бодибилдинг,фитнес)",xxxlpumping01,154344,page
127545318,Дневник Спортсмена,sportdiary,566159,page
127829579,Men's Luxury,luxury_for_m,39508,page
128686966,ASSLIKE | MEN’S BOOK,assslike,39611,page
129617732,Universal Music Group,universalmusicrussia,165387,page
131044740,Владик Субботин,subbotinvladik,39779,page
134208707,MARKUSPHOENIX,markusphoenix,2502,page
135985526,Любительские ласки +36,menssuper,89348,page
137442634,affectionateness,aff_18,242976,page
138817106,Men's Bliss,mens_bliss,9488,group
139563332,Sexy LifeStyle,girlssportvk,93351,page
141863647,2MOD,mod33,191588,page
141995220,Бабник,anonim_dialog,204132,page
142152659,"Фан-клуб группы ""КРОУ""",crow.fanclub,105,page
144628882,DFR_CLO,dfr_clo,23673,page
145573529,Любительское +42,hmformen,71338,page
146150692,Подслушано Иваново,gorod_ivanovo_ru,158965,page
146420096,Работа в Пятигорске,vakansii_pyatigorsk1,51797,page
147873363,Пьяный утренник,drunkparty69,35662,page
148245515,Ищу модель Москва,modmsk,425934,page
149810565,FEVER 333,thefever333,7207,page
153276211,Knocked Loose,knockedloose,864,page
156713838,ErG club | Мужской клуб,erg_club,199153,page
156790126,PHICEN CLUB Группа посвященная Фицен (TBLeague),phicenclub,1972,page
159250188,★ Rock On The Water ★,publicrockonthewater,5388,page
159743649,Прекрасно,gallery.girls,251864,page
159933634,Детское ТВ,skidstv,155230,page
160500416,WHY NOT?,whynou,122755,page
161051320,Глубокий опыт,hod69,165037,page
162314271,Real Beauty,club162314271,45606,page
166497280,Men`s Academy,menacadem,202188,page
168482122,Traitors,traitorsofficial,717,page
168618227,La-la-lamb. Мастерская одежды для кукол,lalalamb,2019,page
169476764,Dance My Darling,dancemydarling,6427,page
172753764,КРОУ CREW,crow_crew,380,page
173848537,MAXON,ecstasis,84812,page
176169931,Drag Me Out,dragmeoutofficial,3309,page
177292242,Rap Alert,ssboyz,6824,page
185600798,BRING ME THE HORIZON,official_bringmethehorizon,42631,page
191615131,.хлопья,c3r3alss,20253,page
192102383,Кирилл Штранин. Уроки,shtraninvox,499,page
192668858,VK Donut,donut,332985,page
193617531,☥ ДАРК ХАРТС ☥,darkharts666,1301,page
194036484,Яркость,bright_dim,66737,page
195650488,Косметолог. Москва. Холодная плазма,rita_kosme,170,page
198055724,qwyartnea,qwyartnea,3610,page
203444719,"Косметология | Jolly Clinic | Москва, Маяковская",jollyclinic,5727,page
209179898,Beasties | Бистис,beastiesmusic,2631,page
211171929,"Алтеро Арбат Похудение, Косметология",altero_vip,24498,page
211594988,°•☆Skittles World☆•°,skittlesssworld,11824,page
211717178,Abaddon,abaddon_band_official,256,page
216523525,NJ Sound Productions,njsound,205,page
219670715,"Конкурс ""Молодые Ветра""",nashestvie_molodie_vetra,2262,page
220952911,Фильмы 2025,filmy2026,27545,page
221385600,Юлия Кроу фан-сайт,yuliacrowfansite,116,page
